<?xml version="1.0" encoding="UTF-8"?>
<project-private xmlns="http://www.netbeans.org/ns/project-private/1">
    <editor-bookmarks xmlns="http://www.netbeans.org/ns/editor-bookmarks/2" lastBookmarkId="0"/>
    <open-files xmlns="http://www.netbeans.org/ns/projectui-open-files/2">
        <group>
            <file>file:/C:/Users/sanca/OneDrive/Documentos/NetBeansProjects/PracticaAula3_s1/src/java/control/ManejadorBaseDeDatos.java</file>
            <file>file:/C:/Users/sanca/OneDrive/Documentos/NetBeansProjects/PracticaAula3_s1/src/java/control/response2.java</file>
            <file>file:/C:/Users/sanca/OneDrive/Documentos/NetBeansProjects/PracticaAula3_s1/web/index.jsp</file>
            <file>file:/C:/Users/sanca/OneDrive/Documentos/NetBeansProjects/PracticaAula3_s1/src/java/control/response.java</file>
        </group>
    </open-files>
</project-private>
